PCA1,PCA2,PCA3,PCA4,PCA5,PCA6,PCA7,PCA8,PCA9
-12.265105326598574,2.8467051940636696,-3.0400846733606475,-1.5983062482739012,1.0215370953579002,-0.46476332356167677,2.6733929103524923,1.989725878942464,1.582361479027246
-11.605654968190636,2.9996727393090423,-2.296826973025892,-4.588443783182024,0.23082471683744873,-0.7462290732388315,2.5105909411513907,1.5774299670380252,3.193005621201025
-12.056562622352969,1.1146910496259923,-0.8382010551392176,-3.020380558649428,-0.026578829464151885,-0.14543253083393715,3.4710508781439176,2.571363602664104,2.290369904520201
-10.065589024336912,0.7187980155389491,-0.6544889910030641,-2.2618978097417886,1.9887392270323585,1.4055271139024594,1.2593091010485304,0.3266446052039203,3.1337852761920715
-7.653544621452259,0.1909240672076011,-2.049461491760711,0.3295534821876788,2.8698124150088775,3.5740593973204398,0.06166344377219599,3.3478277999890627,1.5829398470738618
-9.088827657116283,-0.18997185187724086,1.350067896310537,-1.3330276262878846,2.3022463923198444,0.07905062467285166,1.6968343133847912,1.78317367270384,2.369550592527402
-7.6967140997585535,-1.3716275993201301,1.0145293010888388,2.790600242536312,-0.003858743245838107,-0.22530656058910706,0.8620603830026485,1.1640902043749968,2.3295437544366107
-8.974823219591405,-1.319872950697715,-1.7006019393659473,-2.8939161702304625,-0.45245736190261476,0.713530896626919,-0.05834141069237129,0.6180681250311051,1.6516612305146607
-9.937206924868581,1.9335575917576682,-0.3746565017941286,-4.556688842302947,-1.325942627903027,-0.1255432868300158,0.4890148580788764,1.292265508432002,1.2597332320313062
-12.993971262520642,3.344039330171169,-4.639331259869719,0.1280674069843833,-3.1135504483255474,-0.7249552646427646,1.4755592454424404,2.6670410074506927,3.207596720877147
-9.929087184486503,2.3272114900313547,-1.3227377858331058,3.943948694361236,-4.97013195282647,0.1222399409441183,-0.09509083710464385,0.29779207287348486,3.6371394752593362
-9.295149362016025,0.8882548690796104,-2.897389549265616,4.346370979897013,-4.727084170626765,0.25644877826894563,0.019547629265247238,1.4344726170703705,3.1963290691158948
-9.744107879867716,-0.6269081427929397,-3.266563413123413,2.117532806493456,-4.246670159327738,-0.3246904315698302,0.5440077474183076,0.6707490211795917,3.0999323251805375
-9.37475248138009,0.857325409705888,-3.7795957627922996,2.089033305747681,-5.239945054356722,0.02015283645438219,-0.2568324535001751,0.6240424028728401,2.930710001431632
-9.117985721357732,-0.7753619206365276,-1.7990699864481983,3.068636566425526,-3.8721430974413376,-0.5506742131250529,0.11398883995281617,0.20358186446535273,3.224739549707063
-7.674347234985413,-1.53216194517252,-0.4918190174570307,2.9106846258388455,-3.033951342378998,0.24521226835483972,0.5876168807440445,0.27234627738532313,2.073744463032705
-8.334349265507084,-0.9796017194916805,-0.3298736698771142,-0.25544307486368006,-3.587586068019374,0.18229751489717563,0.4136084166120624,0.610427062806183,1.8498989494027758
-9.11850261252447,-1.8155773635516885,-2.5594033834744803,-3.1503910673846827,-3.8736241475820012,0.7110796622564063,0.11193520326027888,0.42869642590684426,1.1425346760525985
-9.139035443648233,6.617451235550833,1.1397226851388131,-2.1434438077085414,-0.8845793394711818,0.33097616882344,0.690442635545769,3.547080163430788,3.3105906406434156
-9.209455725498374,8.345067256679144,1.0280980605085206,2.7465047339767703,-3.1420416492893186,0.9706357140654381,0.08061613862952624,2.6622829180645944,1.8264349034213287
-9.051394937272093,8.017996909405118,1.6039938036390218,3.6366133765736244,-3.0358736453000468,1.1509605306345099,-0.8263288336457753,2.8566391237978577,2.652010387804828
-9.303646412728952,6.974040323131507,3.3644027713488875,1.9196565100019038,-2.3688174421600285,1.6482320174072393,-0.9963514564306802,2.2890638615370382,3.7087125300504096
-8.590338679408324,5.971882304535595,5.068778223445515,2.022632518068659,-0.44177440968109166,1.573111833965133,0.8847422932725013,2.7362156712304095,3.6141583095347904
-9.500492639896219,1.250752499172085,3.9024982782163637,0.2098244326581401,1.1365783979522517,1.319365589413262,1.079033774523494,1.9550147903423467,3.5054567998293726
-8.518684185344407,0.688967126140943,3.0196739692774526,0.05159549936249357,-0.714941214925388,0.5583357477399445,0.7092965171367253,0.4171995507340256,3.506675331403942
-8.545144655222924,0.5592284814266851,0.7041157861203647,-1.6409231833426734,1.3290443553066373,0.6389839554217875,0.24128442882554116,2.1181060822404656,2.186090897338518
-7.858801998764434,2.004201658391862,2.0975484346421576,-0.8929368474533373,1.2114339386256219,0.9093587713983208,1.8438819209621415,3.038261131895951,1.8335086117651274
-11.299710066142108,3.5343928592776743,3.345986957291679,-6.26101438157178,-0.8590347907756353,-0.9408628996461637,0.8771548468085858,0.16572378485381595,0.7182924697308828
-11.561394724343279,2.8319951342715592,3.5133404102114763,-3.9239265342185075,0.8619309776181772,-1.2670562050966456,2.386390968776517,0.9449213603190543,2.0048415493601026
-9.17051753723961,0.898071517177561,-0.5215559961585474,-1.1651147256963452,3.1356656972396113,1.0115936388647873,-0.46829650293053676,0.3352579788277516,-0.019570144416801678
-9.12641976094157,-1.7103340255142636,-1.5024232788505447,-2.842875755025137,4.416125585039505,0.4227321709362345,-0.5551567076704362,-0.6854415958607991,2.257628334770352
-8.438721646053274,-1.2971611183722407,-1.0185798276623164,-3.7758148287148585,4.581724063281012,1.29474190195777,-1.2161331728552243,-0.5905917658830945,0.7612093555281053
-7.891851275839035,1.1747532910819842,2.6645083529275233,-3.901704754740672,2.02906361984497,0.3960702141419685,0.9646169608396535,1.2697128734059484,1.0736475008013515
-7.0451888892512375,3.798733644845156,2.7527995318682335,-3.3115570923418276,0.21464830095438064,1.0459677962924943,0.7043784307720492,2.022332255249611,-0.2434622379235447
-6.918647701951933,5.1491025039175184,3.014165982416011,0.16047735117505146,-1.5282968497058103,1.890519035128375,0.8908879103445406,3.064813683272052,1.142637388672715
-7.844850287020545,1.4904968763216757,1.8537025947349748,3.761979188008058,-0.9415682839620165,1.1881627586556638,0.2492423795430117,1.2798125409833454,0.8871911459903883
-6.223243333663316,-1.4920429492999923,2.453256374180253,2.536762494470961,2.166473311387536,3.9196963285764332,0.7060313496602707,2.9472059100891945,1.6405509521850834
-3.2998575177888054,1.9014265091739915,2.7281991103676444,7.485951272444844,1.4186260915891966,5.67330612955834,-0.5858493392503304,3.980253693535721,1.7888016511467657
-4.44314888238413,0.35050849651502647,2.255760862817116,8.681858956485621,-0.7789667985699299,3.9328511862960647,0.2990193222219174,2.5338895198825666,2.6986279326721876
-5.789476269350974,-1.2411733411424697,2.472179988169571,7.697175809664689,2.1805024111497753,3.2919546397101174,0.0814621036725012,1.4623484173855898,1.4741391759460851
-6.407237604826495,-4.667664880341578,0.14236995023755483,7.7400232998318454,1.3540481892663099,2.7364703506785357,-0.0034128838302638314,-1.5061863904463977,1.8333216728617903
-6.825716000800393,-4.600006818453318,-4.240025399653471,0.33830296430200046,-0.11494275933483933,2.160356053895033,-1.460505004601841,1.1482934363377961,0.4755463269610734
-7.771991918355723,-1.4124722366178177,0.26028275318649463,-1.015314487995876,1.0677007175440123,1.9407250831549288,0.2887047201227297,1.1415406669779709,0.7428861357841788
-7.8421405845790515,-2.809057704864516,2.258931093454602,-1.0067931764272915,1.3460988487692676,3.801053319884081,0.34474618472044183,0.5723124975696846,1.7944416847793856
-6.3199010840568315,-5.689326323850446,-0.7759783354836779,4.075676139511526,2.9534853534643206,4.753755164796161,-1.0247023378474043,0.742085330898885,1.3124246388097387
-11.168679133518728,10.569431371193822,-5.46364324554999,0.4165451084461028,0.7275009819785451,-0.33891051981107234,-3.2702168618563463,4.245997212925145,1.8577122691457362
-12.229616764770746,12.638298944367882,-5.941776804095751,-0.09115991820071197,2.059511074558882,-0.6555486772318074,-2.2280342273070026,4.565712028850036,1.4351896721469435
-14.850992600347094,13.30120716413966,-3.1118491120889873,-3.0076031097110563,3.452132104854931,-4.672003358923226,1.131280588689573,3.2996009943543805,1.9581764759171705
-15.347293073843275,13.331153924869819,-3.3212740748498586,-3.60858320546786,1.8392658516365374,-3.061546811368376,1.8535229359618155,3.1807010889161518,2.1591277644085256
-14.849537914800802,12.21825082143071,-1.9366831474890787,-0.3227427749287665,1.0965568413266473,-3.7268545304465444,3.0489743068575987,2.97718853552695,3.1741403150194087
-13.49139283180375,12.271426593014098,-2.4214715530055493,-2.193122391672457,0.5167775498070323,-2.6801646268043107,2.129488975977567,4.084547931471465,2.5499619553130244
-14.15132886129045,11.387513173488557,-3.909274251548743,-3.0695166780779575,1.7538084827377793,-0.3315775690379506,0.015790895379419096,3.653572768921612,1.473022618915496
-12.985094739644468,11.079022607554618,0.7717828380304694,-0.6221777888832871,1.3856089324820802,-1.2306883473023276,-0.41378985353839265,2.4250611748462725,3.051629032184069
-14.166334939410765,9.689370759723252,0.7431452613366387,-4.418332817014846,1.9458501946500242,-2.539514793607073,1.130311320858647,1.7082830609717257,3.050165075677721
-8.94450506798096,4.232503320290273,5.743439642017273,-1.2468977307161482,-0.9208176378215297,0.07354230076663429,0.7431768206005804,-1.1795539066576486,-1.228099842242364
-9.079489229229651,1.5143660751589743,5.068497238969797,0.26208942421564835,-0.17854689333275664,1.14675822731894,0.9300863073250468,-1.146416051781559,0.13846052568118136
-7.979566672918945,-0.1454220149808437,2.780682151598448,0.3562967949659801,0.7135664331295862,2.356107134842283,-1.5954951489422968,-3.2392563369560015,-0.9875508743531357
-8.085271672213095,1.312348770758811,1.9428722087508858,-4.771574169450865,3.1118274575156715,1.42172656910352,-1.1970762506242099,-1.221231667553802,-0.39425643116707093
-7.995135118320496,2.906311395549846,4.944281622807484,-2.9344670011651792,1.6682370080852629,-0.3499744213480205,1.5514207293291162,-0.4259409559695181,-1.6892687103866115
-7.479323984379395,3.7450305585756283,4.637376234849828,1.1125121008028425,0.14722373183560652,0.6099968935876087,1.5334478598933083,0.5761183982745341,-0.12766730478754434
-7.923273499338141,0.6758351755338753,3.723943275386617,-2.104645064067647,0.35234831238688225,1.4922750187431637,0.08589531483860613,-0.683446356292361,-1.0533647722697783
-7.312700034561771,-0.3372762557182141,4.8568730131394195,-0.6319176502460155,1.9545393344610247,1.7090913000893244,0.5062756800541353,-2.393807451347707,1.531672284725288
-5.969870705092316,-2.527590190617262,3.328272073197555,2.114989320779002,1.2573958938159067,0.9371451370130167,1.4993328642063382,-1.978700690604913,0.018709764603361153
-6.3915089356740005,0.5358405167369461,2.92402116882731,-0.42182106089298904,1.4629348947684249,-0.20424908447350248,-1.1120511395097687,-0.716430290300137,1.4931152383713684
-7.709887036671125,1.9591450035008169,3.8367301798417905,-1.5234221369849879,1.4956123585962213,0.8313378631773106,0.1850497725687235,-0.16168370540530858,-1.9076174133464783
-7.416760075077929,1.3875617820145498,4.715600580035797,0.39297051786069065,1.0649427104441465,1.6478421631156301,-0.1772174720309203,-1.7638379466870848,0.49698548627288824
-7.974143129876347,-0.42313142163076495,2.3458692434810713,1.4207536524224844,-0.8007013829589782,1.618176212318814,0.16698661239822957,-1.9794428497453829,-0.8415078056753368
-6.999231544825604,-2.4336188807610726,2.5594118403049286,6.331251194390659,1.7683621431931886,1.3416695214462713,2.5297141658322166,-0.7837131555998603,0.2999624920977799
-5.839996258351439,-0.06867599144166808,2.7120872157113687,4.921701426672826,-0.1734937675603282,1.481853044683616,-0.6570076318773637,-1.460131132093767,-1.2040488218278558
-5.349241728054863,2.6194326533450583,3.1222099966731345,1.6564135935335549,-1.5244759192019612,1.3619050423773804,-0.07879851583002612,-0.8694781312190087,-0.33429098473267305
-6.700089070138447,-0.007384973585708577,2.422636995355994,2.2160170093477114,-0.4644149115625755,1.9623564233123323,1.868227848727376,0.2657729423326361,-2.4691417185120543
-7.950853361536386,2.053389250374876,0.19407860056403117,-2.182684876216332,-0.7615621659073685,2.2571065952650695,-1.6153306581881552,0.0471141733987316,-2.3027171451952717
-7.9461790518154505,5.421104356004522,1.489321498989812,-5.511876446484769,-0.13603184722420264,0.9430163050961131,-1.6738522666443287,-1.062149136301645,-2.382642769370919
-9.224511894764321,5.69727276050471,4.517791300990421,-4.890715585983612,0.5242794343039641,0.395772800999968,0.04893359548472084,-1.7129357754378842,-2.133857240050567
-7.983194885090528,7.903244030045976,4.879020374837014,-2.352535056948573,-2.4005227000364697,-0.11928023279100217,-0.49619669240651254,-2.209580219798141,-3.218311830743343
-8.738793277475422,3.838813981107278,5.190242921367366,-3.98202635565249,-0.659246474686902,-1.29959291845939,-0.8460725671621196,-4.032119387519653,0.40486927423499447
-9.162164423704343,3.1266663132143475,4.742139018239169,-2.064493247069783,-0.7381319551364115,-0.5948090887671578,0.07954035912433076,-2.3656538197464285,-1.3187370791598392
-8.402823842954033,1.884274747532363,3.880649799088272,-0.2561597381608612,-1.458318916239965,-1.1244950331538646,-0.7535994173900623,-3.2773826170619067,0.38433180798587524
-8.26492004369881,-0.11161315561331915,1.4575039295424221,-2.4219057360392053,-1.567166629656823,-1.0473046217439372,-0.46431587540170927,-2.426022502906729,-1.973906700180585
-7.238032322499553,-0.9294361313615682,0.2753579904992143,-1.2172311404957952,-1.2118500060498196,1.2365358371000934,0.7337686194104825,-0.35581702758439393,-0.595820572569314
-7.891169539013338,-4.323963824859048,-0.5542572972628796,2.3679639363454092,-1.3160259278678663,0.9176151735029029,1.548553797111853,-2.0501762745606973,-1.6388002983281926
-7.822007212007684,-4.78455364989965,-5.712219919606666,3.848740150296639,1.4112663889150452,1.4268177735890895,0.305215614250897,0.5529488850051391,-1.6064295718505814
-7.009361403022521,-2.0127662611320734,-2.469377179092826,0.5024765724220758,0.8837431759806622,0.9275846002628857,0.1341288184860783,-0.23841768823350634,-2.7894629217795925
-6.7447722460964545,-2.419578618557266,0.7210676472645038,2.6901475390852414,-0.09898709071529412,0.17735252704629242,0.8043250283775837,-1.0612842508035154,0.3790402018837691
-4.7997111452552845,-4.531969692858025,0.6963979840343569,2.0439117570774026,0.7242436633924454,0.7233904101107493,-0.9956048869465464,-0.25185359818678327,-0.5781460371974804
-3.9712158806152176,-5.492719338324149,0.12840986806438093,2.8918268306884487,0.7041339089552674,1.7666481192877284,-0.7714775589959079,-0.5102352114299487,0.6683150936436645
-4.208282206496918,-5.102953001696646,-0.6983143101223007,0.5434964332577117,2.3900363222563703,1.7715952905685253,-3.5512598213716644,-2.794257845726684,0.3567858252387314
-4.972187583877271,-4.720178224069109,-2.1067154191149973,0.07247056352613039,3.558366383252901,3.387660312292144,-2.802737833220324,-0.22221725241357734,1.0299846655436262
-6.5246605912392255,-1.7701820072092338,-2.9954049240187746,-1.8474699685330906,4.149730818132082,0.7004558026393461,-1.2686218374075529,-0.04335779484851771,-1.7891986500725423
-6.179947781919231,4.528715886336167,-0.1738133565370432,-4.076497155450777,3.678370198874036,-1.8604615676375638,0.14434086086090045,0.9909495097658095,-1.3739552074508679
-6.37220380785135,5.398738797246612,2.7641403329302094,-0.9763269372420572,0.5473248408093968,-2.072627580086273,0.02321285532163776,-2.2426982478404183,-1.3623504289741266
-5.092678203575629,6.69577408435352,1.8308871146075987,1.3514179390903387,-1.2902615570683331,-0.6257252253462914,-0.02723386190735711,1.4250455204870218,-0.86463936265425
-6.081509891844262,2.014267910864312,3.7373700231768785,3.0545223159150523,-0.08466911531744105,-0.1930129774641284,0.4408888765735014,-1.1008729199820464,-1.416796647827367
-5.984964093914209,-3.4263372731339663,0.8184110694529084,9.613587594731989,3.6156843099208285,1.8161105074587123,0.4841137635256824,-1.010252323882231,0.25474162850221
-5.179776304452017,-6.432807740442671,-5.534364771996414,6.656450860646205,6.504121607842869,3.6026588055788777,-1.7701043326796742,-0.5912482698931061,-2.1507255450337732
-5.285941725707335,-1.4713399639531162,-4.208378745425911,4.1726310407030045,3.551222276229853,2.5369453607235175,-2.0877423526945025,-0.05830291862608744,-1.7751160150620264
-5.12643797852969,1.1796715153705581,-2.1715280661853673,2.186022787395634,1.8748735305251039,0.9251009701658066,-1.0936118574841576,-1.7530293588821344,-2.446189782784363
-6.193905021062748,-2.633300637295203,-2.1310170710049836,2.826827618965763,2.9920664581871512,-0.43623834804889733,-0.6987582963562832,-3.5077309908322305,1.8151576572066388
-5.301737925667249,-0.40885080417046754,0.2697245565253145,-1.5498074091428058,2.025227227268016,-0.322958223112443,-0.6788811007402284,-1.2753140453642284,-0.9274310281329985
-4.668513649699162,-0.07932258177936359,3.22699436658084,3.598201388090767,1.3603732650844529,0.7532852628791565,2.0780595968113613,-0.11038967533347245,0.14879441404940968
-3.196998115515604,-4.520187114466159,1.0559821296154237,7.220944669479597,4.157385450017548,1.2442199644929335,0.07040056302610087,-1.6484013013403795,-0.5434152541048946
-3.00508243462929,-1.578978858578628,-0.3618467764119198,3.5001353771744466,1.6057533872292546,2.5847443555088025,-3.2193507123885183,-1.1046067019290045,-1.3047570323743036
-4.176707093990821,0.2942208005485787,1.2576568715141996,2.2185958000699615,2.758075158579768,1.1665202154008645,-1.3012899294105063,-1.531772919415972,-1.980035150489145
-5.225224212432788,0.3373163278728481,-0.25636353086517627,-0.6286320088479388,4.0102653456837665,0.9660187254355406,-0.4396915294460278,-1.1580393327413094,0.5434884552934212
-5.6947866864868795,-0.7977963896728947,1.392571696708544,2.311007193918518,3.0953999768644165,-0.08351785342910198,2.0052653679328007,0.05919317138052084,-1.7100118150045371
-4.251147031393235,2.917362460354692,2.1833716414885433,1.3979540229661624,3.923302623223791,-0.24272176843991736,0.1286807084008595,0.40922400974018663,-0.6676225018270914
-3.2463073426235582,0.9853471606912513,3.6050496407249444,3.3857634699749672,5.139242656137542,-0.6183711307023216,0.2704482394719766,-1.3258710499250832,-1.8701403850547695
-3.1010468799525484,-3.1723861531247146,0.7947809424514769,1.538783467363255,7.420169545828573,1.2212019418395195,-1.636507203027995,-2.0276991584933404,1.2401549054150767
-4.0444764508592845,-2.429650239268173,0.8636535585442773,0.0929452507206126,2.9600261599010187,-0.5410510600422499,-0.6837304049668504,-1.414511991408674,0.19444929313353002
-4.047968393741563,-3.1972892270716975,-3.9593242868930756,3.2215259420233977,1.2489615592089192,-0.37003208745578914,-0.4152437444504638,-0.37369304446761126,-0.1559498068490098
-5.889198195010803,-3.5417627541177166,-6.048309864980613,-0.47238955229857743,3.3484738645499794,-2.243645277491954,-0.10800285903237546,-1.730997802201757,-1.1989987743933723
-7.2120898627451595,-2.949537875017222,-4.332927929166042,0.7239150195975084,2.8887581849365738,-2.295447505787202,1.2837829810355796,-1.3827982963646472,0.3929521037965376
-5.866848682592755,0.5876557455010836,-1.4973287397972919,2.1209474971711,3.130844894677373,-2.6124443886679076,1.133454875096004,-1.7963811820903792,-0.38186778832563784
-5.331342233210667,-4.146267994314551,-4.58044417500263,6.545634697418899,1.4030143545838814,-0.11463035521433947,0.6569973987357478,0.6448822561803861,0.10410786955069956
-4.18238256900238,-5.61900208375079,-7.285612233676171,3.540138758717764,-0.35453751468461453,-0.33524005548615643,-0.40243915376124395,-0.32633514407374853,-2.2432958226303454
-4.8524260704951825,-6.453384139180771,-6.014682992000213,1.5334439830875182,-0.3043743205699968,-3.444039619664174,1.3464756558418138,-0.19447089677019785,0.3917694235721704
-4.3472601824799275,-2.0255120579317016,-5.451870976123034,-0.3895600290125258,-1.1982263578692376,-1.6167723223342343,-0.4020730830540661,0.9580663294218073,-2.780933532093714
-5.392720062792646,-1.7831391036014295,-2.34660418453065,-0.38163198962726963,-0.8746346715287763,-1.7964661523156151,2.8663272771268002,0.34548787908431583,-0.5578264074990846
-6.854054041771349,-6.26879405773565,-4.052667535382684,1.79801833486797,0.5002934989943821,-2.2756915222287333,0.9923054326082229,-3.156773615760604,1.8941284448402458
-5.881397579397493,-4.390259291404608,-5.344432411498252,-0.45031112574224946,1.5899998057525655,-0.9613577316470371,-0.13481232519995023,0.054352616051340216,-0.4004460659635086
-4.439611402423154,0.934333872120034,-1.7607551023228543,-1.485929497791488,1.10624332737895,-0.0907787666151255,0.7773734808797984,0.9127001455309355,-2.280871183416225
-4.519250015401984,-0.6727147327008111,1.4340761513965763,3.234907061376603,1.8891914125307068,-1.2631819240983204,2.1574933366664686,-0.7067025246477483,-0.2800792810619399
-4.079502947142568,-1.5913967740256014,-0.981048383380672,-0.2614051091175142,1.3083197525885677,0.2625287841079968,1.1920229721522329,-1.0804367789218374,-1.5038345001977103
-5.142687316512547,-5.7659181142635,-0.8066388050340491,0.44748708857771,3.9504555826758327,1.3625472202981042,1.0519142632549912,-0.34881576630533123,0.03612029272186917
-1.6899669598814884,-3.2392375601104932,1.8916560043171873,2.2631962465021473,3.518505905264737,-0.07326182654903082,0.05620179267811922,-2.1375059690743963,0.24258498866796277
-0.26521326320039335,-0.44516813674356226,-1.056978185418706,5.138276132957899,2.6475730114914473,1.1428776929121447,-2.3078344003165423,0.7408490775973735,-0.1099361695907033
-1.828540211592946,0.5723553969486999,-0.31976343842686106,0.21916629475629762,2.0175710282033856,-2.052642197816239,-1.7304070966997376,-1.3386601717440876,-1.2924008837681156
-2.3640982463899696,2.2790262146793334,-0.7371031000228282,-1.2573899368932098,1.5023376612218933,-1.7587689840718015,-0.2630919457084449,-0.7809049634497468,0.9287019518526342
-1.8919633449632758,1.3486452066636259,2.3914384321196165,4.925150103436795,0.24433128333219695,-2.972266438312037,2.1233300409039124,-0.7238210409184487,-0.8100549710808097
-0.41608301169549955,4.656137055372649,2.3098079558595335,3.013042803812496,-1.2975470962794005,-2.097542146787892,-1.2140158124474185,-1.5711735738428254,0.2310909589999505
-0.4049907132682269,3.674889833788866,2.6086620749473615,0.10706374582276382,-0.40902457409090154,0.12903003191879084,-2.4912012972107656,-1.579518689824159,-0.335352853143607
1.3633623564846378,3.7663096677513392,4.304644210196102,1.6591773373396907,-0.5497973901314341,-1.1358915057454837,-1.1223265513676803,-1.4517782107213475,0.5018463198659036
1.0865397774447834,2.864517458463114,4.991458060282769,0.6108508918139854,-0.4762170643922117,-3.785019587457895,-0.7483474045581161,-2.821808325049613,0.7910290186837374
-0.2550165236420423,1.834066573151865,2.6640570873719245,0.8366135175203484,1.7360658321039841,-3.3903064956598334,-3.2158880902449773,-3.0183007338316834,1.8602400542092472
-1.1152808427441427,4.272061474347697,-3.727943928785644,-0.5897125133548167,-0.3734903524281441,1.9094225183579436,-5.915764818275897,-1.4038450033316239,-0.011739915556592869
-1.941248787674947,8.185277953332902,-4.478309292717899,3.70461854739015,0.5518411889766119,2.4799871776394062,-3.8773441262996418,0.8483392989498989,-0.17373486895194434
-0.9814650583856613,11.355481529782768,-3.686187494343008,5.929793555522991,1.8754285349199982,0.2544250347281879,-1.4581666739088155,0.8068467778682666,-2.7624984735926645
-0.28861174869798,10.685304067131403,-4.316352220928986,4.330542589138231,1.4098507006473049,-0.5501271501354464,0.0029239708388868173,1.8743018325837055,-3.6391024047445
0.4800067512245527,9.947785266387944,-4.471879192051635,2.89392631272305,1.0209435160943239,-0.7207957895091437,0.4865691647293832,1.7589663009961198,-4.008830036761873
0.5550468416557373,7.75456965673743,-5.817543375781062,1.055616922938027,0.7553704162140831,0.04760599767110645,-0.2997941356893554,2.756308919032244,-3.125626300779081
1.8295350115747875,6.574300790740947,-4.407469207833724,1.5207202291400213,-0.9569192112859631,-0.6748004280448431,-1.514872090015788,1.3461359613930817,-3.0907481285788885
2.5441909470677024,6.41030209491642,-1.5482598247064459,1.927647896270278,0.85161455711078,-1.9538638737219656,-1.4589379551797599,0.07803091167493861,0.5283529167893325
-0.8984847376579547,4.230728614442732,-3.2404936145339667,-0.9161781620727626,4.506036978156915,-0.09874233938673345,-3.1827762081334057,-0.640731744239125,-0.9177606614144854
-3.7351131051211666,5.377986135648083,-2.854631563147246,-2.214064070731256,-0.06132225222770974,-0.935997043944439,-2.4338921819450845,-2.354870735093419,-0.3583821440982317
-0.9020070396033047,9.748088147234805,-3.3271667899471185,2.166822752423624,0.05573554807919462,-1.6798142038137822,-1.4704255458163207,-2.7451729590913323,-1.9761963758836565
0.025849336685997683,8.837493232959595,-0.5011020757859806,2.8485412912846138,-0.9329609035278107,-4.484545379651048,1.7578633014392826,-1.5123013468398332,-1.5138656457164346
0.013753493714360724,4.029751066335357,0.7918373729267145,3.4610173219153557,1.815117603542294,-5.801887736499744,1.9095035790542154,-2.664832632450567,-1.4092667038913436
0.9783361519551236,3.8702993133883044,-0.34576361258402494,1.0074336919705804,2.6862200936082545,-4.98314542091653,-0.08126226213546082,-1.5511695648484856,0.4778585119323435
3.0848442659949185,8.153075708536733,-1.2301810038486853,2.098664448840639,-0.015451777776642153,-3.071123001445759,-1.5715928024002188,-0.4810290566859998,-0.34751262133052896
5.820627751058411,8.390754229838382,-0.5229365776579,5.680513520225472,-0.6045974953011923,-1.4451805590764093,-0.7224803549323418,2.4338394994711297,-1.3885138462565139
6.176360012645009,6.451124045064559,2.225456563565732,5.485137907496436,-1.1461412362921828,-1.1012863201965786,-1.9806754399510977,-1.1193000084462754,0.5033730239707257
4.796571589844041,6.957100083994967,3.430416857641892,3.2329163096234996,-0.956105030566148,-0.6324879292144354,-2.53112228802884,-1.618717687726762,0.8922518376108777
6.539705735497109,6.1868731610365035,3.717663223720875,3.3393417131121526,-0.867144815992497,-2.0114124826231325,-0.1899084047323242,0.07181583671710887,-0.40061499668082395
7.107102440642917,6.573018305188423,0.33875747193929623,2.1356659961853515,-0.6805908267808366,-1.613354891484806,-3.092516414236425,-1.9359441240130324,0.9678365507738104
7.372391612138465,7.4386757976392355,1.4240671184271547,3.0649546443431293,-0.5285581822171054,-1.8743525502781329,-2.643178105495449,-2.6268645146825524,-0.16596276029272833
7.083042027556825,6.204419352901128,1.2612254774853457,2.825736306326527,-1.3849794590399949,-2.047602831933682,0.1307747148295732,1.6449323409718526,-1.3157668790017392
7.38246187972731,4.112196328400625,-0.4989572243841787,3.0482343964508827,-0.014090573618947609,-2.5962238896658896,-1.0326314134530152,0.05112644660224016,-0.9240679184765729
4.6816520773434585,3.405558811992845,-2.4857495719000573,2.610891163605399,2.4784335192277465,-2.6558667007526733,-3.1144981538137384,-1.3247102973286418,-0.14261516530472254
0.8570160951658796,5.694268282625719,-1.5789890227938934,1.2119945355000712,0.8749777230178355,-2.9379592671599526,-0.46063389766211643,-0.721010931250102,-4.409468481259521
4.522682221856278,7.906018668415559,-1.0447760619348685,2.89592181378649,-0.8397917904631919,-2.143162633013794,-0.20108197066287167,-3.6998960108710133,-0.9053784032844909
7.27822726623325,5.450610154393015,-0.7017217193659695,3.5951243956323244,-0.880862438224938,-2.897535828733788,-1.8910207776224413,-2.439449119015454,-0.3396648523879825
6.78424893865437,4.085681747829422,-0.7314045363223852,3.8005021412156634,-0.34814173428550826,-2.5341597764467356,-2.5994454980706005,-1.6088959873317628,2.809972096328466
4.940676058099027,1.3439297455544876,1.2242800662443951,0.6475954974290178,0.266327929192429,-4.56590503896607,-2.2561699305178866,-2.4886087619066624,0.9710956378323432
5.212222088703872,2.1605234938909734,-1.8937505491021716,1.0551303118445814,-0.38567994765651026,-1.3481417872239516,-4.548219095923238,-1.0721452167861096,1.8877967325358271
5.497780435271854,4.592941032463853,-5.479352299210095,3.3091187823411863,-0.45298045235865947,2.05015420348759,-4.809925493885649,1.1508327656671618,0.15658478456553585
6.517581012131446,6.009205294801661,-4.054778915061481,4.848560601043377,-0.744535630882409,1.0542945257214733,-4.956229092468728,0.08868229928758165,1.9520851956075853
8.50785325629487,7.8369768522616265,-0.668702508062545,5.835939053735235,-0.28737484638583594,-0.39474559031490647,-2.5120827355079234,-0.36830746002480724,0.6050588475179199
9.316176576492657,7.072581492174435,-0.1847142443269209,3.4495646829479054,-0.7809421011997777,-2.248685349727468,-1.308554803333583,-1.2166247713912939,0.48815448705166326
7.879144527859517,3.666736666139354,-2.005167492501061,2.5965696169205192,0.7046932574173022,-2.898015736027375,-1.2424582424547297,-1.125388951258611,-0.8887747076829302
6.472101432462819,2.7338682523911753,-2.383979329970741,1.9287797131663686,0.14620514891622605,-4.186153239978443,-1.5580015266249654,-0.616870789872599,0.5488577763610385
7.028512607881784,5.013306895645423,-3.204980196537191,1.418917276827446,-2.545104205916634,-2.8338557062947416,-1.1537636902408812,-0.8704585987442899,-0.7567388405269972
5.683132326747616,1.1555009551115825,-3.3737111816656564,2.6235048668284575,-2.1975956022664183,-2.252641641172604,1.6141414541970736,1.71414078896844,-1.079765945142439
1.0508421878074397,-4.968511847678132,-1.7098121897545009,-0.7431723026810636,-0.5313617427210662,-2.938101245220314,-0.5589087267818426,-1.090481427778656,0.09783840792130741
0.5224008203768967,-4.49304980675664,-2.9893785883697315,-0.9242333062485162,0.8317175088563503,-1.2137477287180307,-0.55886562206121,-0.816902666107848,0.9050151130530271
0.8390506003329867,-4.28568674405469,-3.5179275852328686,1.1883311061544573,0.3071184566875743,-0.6447047024600596,-0.19815894019140898,-1.2793790112609371,0.3840508343742172
1.6639273966545798,-3.6219387166731045,-3.6376606957783317,0.32861447951991823,0.4108614096265039,-0.7844604822348015,0.11752425875654697,-0.36997247197674116,0.5211939691361769
2.049262448171192,-1.1021477060935745,-3.292179255193357,-2.143886167342858,1.027956870061063,-0.44201264229180093,-0.8833446038116003,-1.1517142346945661,-0.3963247984483776
2.15648813219883,0.090620587427336,0.6692980429892433,-1.096571576844995,0.33209061026973474,-1.9289573209854105,1.1282636308100609,-0.3293562085838522,1.242321855356291
4.666499343573316,1.672149646831611,-1.0741450524168787,0.3482922860447894,0.6541192711299437,-1.5231595688670778,-0.8182359459264673,-1.4164582078228727,0.26091062194540904
4.5877957691817315,3.4702673425891533,-4.330819887711129,-2.813789973982549,-0.6635985575541461,1.7022353613077772,-2.5112393271903524,0.21414673841678916,0.9440278625558342
6.458994273999845,7.2680872020942715,-2.3415920361115945,-0.3112852470415916,-0.5865014527996752,-0.2795793410231622,-1.1179063204101256,-0.3141193931195878,-0.46418886755955924
7.506591290450323,6.862704805731744,0.17123851119746203,1.680528178692852,-0.9365405395530689,-1.9989661154046796,0.6118329410462702,-0.792142112338299,0.2806409737756126
8.968634333549232,3.360145773280715,0.27114305405117356,1.2528270329979039,0.46469195063242075,-2.5048518752276667,-0.255623176994549,-1.0043317030812917,0.06779216832491784
9.413160928013754,1.9459026969608455,-2.1307812718177788,1.9401024751434706,-0.5206817755427531,-1.206787852116282,-1.516244202104343,0.8245374913972053,1.190336357615812
5.366728056469466,-3.750549936759905,-2.130099522682348,0.13065324159179928,-0.1417968092666133,-3.121671413008948,-0.14827774053183687,-0.17451854800132893,0.2650796243862878
2.413569825456772,-0.7476091982997357,-7.0032979221740135,-0.15732609736664893,0.8479181740802867,1.7284074682621968,-4.075069008111277,0.00840005780559164,1.4829637169485255
1.7452995281365367,3.228145782826425,-4.773923586017959,-0.6413565106996264,-2.6730778124954666,-0.9978833002624982,-2.4749911868679972,-1.9994563818746411,-2.058101581503056
1.6673359819777958,0.9490399101433823,-5.45595315263474,-2.2292385299814717,-1.9042728738427115,-0.33160097599354077,-2.1012416041826807,-1.3391174202421927,0.426235923620277
5.220892200902437,4.581307600888953,-7.051352772447637,-1.151373060428177,-1.725318567940698,2.048376117221482,-3.0182509765552235,-2.2386639972759834,-0.24190386605376285
6.251443181118176,5.829379956028154,-6.929205679984393,-2.3974179838235496,-2.365965737368303,3.071710966226937,0.7576925026712267,-2.2991692020397503,-2.0632655566800677
5.514208324952644,4.421756111870646,-1.740233549893115,-1.2596175097917146,-0.7126633744416369,-1.6511569984312902,0.9929375810843112,-0.7718346249027632,-3.374467103067879
7.363467259498291,5.071125789979477,-1.6730524493419496,-1.7817281073861313,0.9537347594050095,-1.216567878107972,0.7856622336077547,0.29452627849750423,-1.4972823456086024
9.123408900796022,5.361280554880934,0.07276086407054398,-0.1431977157190844,0.9367835339154372,-0.6168444284256924,1.682392179818611,-0.2801612837374894,-1.9491127884548154
9.590950413534479,3.803751538418005,-2.3665051152714955,-2.0252704993825406,0.9110616577967319,-0.04783731963101168,0.9846865145902148,0.76602110498897,-1.1551164618292298
9.562679147170991,3.056164602611557,-2.160387863567847,-3.326822651446074,1.5295067013320631,-0.6883824364538617,0.3469228552960081,-0.9564924687188014,-1.352060985077417
11.055516632901439,4.988985838091018,-1.4790893850635296,-0.9595212033351741,0.3272395864452009,0.22701089001798722,2.553347822507057,0.4880607215942818,0.19580232855466295
8.563910517780814,-0.33169981462493087,1.7686335875909127,0.857195242174981,2.7699845168733486,-1.4230075445918648,0.47495962475973613,0.36257245929827037,-0.83838227870299
6.2729431891690695,0.2698845018029969,-0.8863364914164897,-1.53332935356384,1.9875415369054898,2.626261114824504,-1.541886358115606,2.364737410519345,-1.2963104295886116
5.591869665216765,1.8562752606664157,2.366217162101206,-1.8633279122356983,3.225812992635931,-0.9590361499831069,0.99450200029351,0.6581862951165348,-3.311814360137284
7.960076335146032,4.596145661965679,0.06754496206628334,-3.815563050482735,2.5198576595732476,1.6824238880757219,-0.22237192816077142,0.5665291499092849,-1.836103819238757
11.479404654031423,8.943873029825161,-2.8650250963443593,-3.024263609432054,0.7694687089438029,5.341056735885321,4.933241581820622,-2.2583992930904744,-1.4397141104098001
11.320520448029477,8.245321372662353,0.7892571644566161,-0.42025402035903064,1.516717082504683,2.3523182634839306,3.8427318637799037,-1.9829124073072868,1.3066757394064756
12.172149259613601,8.621970345745122,-4.612733207229055,-2.60716440097028,1.6100581936654657,6.874883650143297,3.985505604784623,-2.418548899151791,-0.36502210421345016
13.748234450647873,9.669851713855762,-6.315832326610349,-1.0431456266057086,1.217889989510021,6.207588506985308,4.70709603805514,-2.8941837263163217,1.3512551484415547
14.05952960541261,8.511701304382834,-6.829103026600534,-0.9875978682202746,-0.010506392418907303,5.8733493631701155,4.245022649841538,-3.160181127385698,0.33511057956191687
13.464126041975513,8.144844325376646,-7.215558644698752,0.20506926468194106,-1.0888738329091843,6.122516350649674,4.167243784125601,-5.878125089980741,1.6732351549011508
15.414036435356973,7.911375066452935,-4.674485115448307,0.06388571807284679,-0.0010022589487415283,4.24603538915405,5.533404814452296,-4.504290598479349,0.9506256435241318
14.117495199952481,5.123959635680223,-3.193015772567395,0.39714318143000954,0.05988642416278804,1.1040721012168293,4.255768461170764,-2.426364844524088,0.9958598382493453
10.367934096116828,-0.9832882597464924,-2.106978456028484,1.7532930923790677,0.34184676704815536,-2.7844660746037206,1.4425623875191296,-1.9543538068871105,1.4609714554095212
3.406419533043164,-7.039932668794837,-4.23011291908795,-1.2321574799542012,0.05001953709414168,-3.479317335120835,-0.7229538763496115,-0.4958465342710075,0.8876152704699595
1.7837648844214995,-7.6389745108999705,-4.0380985893436945,0.5582901165532812,1.5066346512299653,-1.059924252075351,1.6101815997364035,0.8179534892594025,-1.5974915621592591
4.548076514586405,-5.331611171915544,-4.201904579891657,1.550830730189704,0.4246676131382739,0.9286494761729475,1.8803983900611105,2.7633441866955675,-0.9087431669806112
5.345336200021373,-3.8678671608610977,-3.236213324827816,-1.6784426055275525,-0.311087314621995,-1.547343067026556,0.25504312606803314,0.3999867252810733,-1.8537849040389496
4.961348521010724,-2.9384440954279265,-3.243998435878148,-4.750449977725071,-0.060991648983645785,0.002018776139551742,0.8736102056990666,1.5857059959654447,-1.1799597472761862
4.503344807630282,-2.463936927016799,-0.11160467223495432,-5.500795675228084,2.5477430389890032,1.237022446595009,-0.5856257403004743,-1.0793319174343368,-0.13311207890379995
4.6767318480498,-3.2219910895362656,0.4413948298792221,-5.178537158637735,1.6705038974673059,0.23293328915067,0.34287460997344393,-1.291083461220216,1.62766641810842
5.455654502283804,-3.8502553373661543,-0.14576366531492405,-1.8175482050846765,-1.2898464238179703,-2.9446890908465493,-0.09484615459818345,-2.1379124552224953,2.4704318136392804
8.31249005837681,-1.691314041349285,0.07083131663930785,2.5712193065488833,-1.6108900961600092,-1.7673577537516962,0.4184828985775797,-1.9809398825134636,5.071438087125793
12.273528037945432,0.7432158014606713,-1.9889194679834898,-1.0523077930980864,1.2529521377386823,4.6709856392470215,2.9170597603238275,-4.970897192876354,4.990158405999617
7.711797903012792,-4.159997041094427,-0.12236980543035271,-5.357713702452961,3.9742970059680496,1.2161720355787276,-3.0259823806160546,-1.9249272420346608,3.4442861354279763
6.769413813917581,-3.8698272751416893,-0.7802237693754325,-6.109534852880667,2.02774084045401,2.953396290678364,-1.8905927682417303,-2.744941215067388,1.839661226628742
5.812195418815785,-4.4163041962177525,0.5022958600691334,-3.494951948261867,-0.9014234147736354,-0.5050234961320365,0.4474969801067418,0.27062011434326594,0.46518806061517093
6.2327188848327895,-5.20963471141113,-1.2122934315193434,-4.135791519754209,1.7481849730497079,1.790544376724651,0.1834763612366754,-2.765605003129251,2.297902315008624
7.62795640454272,-3.2990691565198587,0.5111208403937877,-1.9493497974735752,0.9234254172690755,-2.489430960160054,1.2538016481485794,-1.7271875514387574,3.1287121531827045
8.290454324477935,-1.7874742560584043,-0.6784662477806334,-3.7480490214434115,-0.034278457587556765,1.0606117978899752,-1.1195588554407798,-0.19820807982063465,1.5221582178106678
10.066234002131019,0.9806875419707466,-2.092681395413876,-4.009475499407989,-0.35458240252412654,3.0488007476275256,2.166025021759477,0.43675684943208704,1.603336617890212
8.142515030091964,-1.370799350214876,-0.026243164961318836,-1.376726956361691,0.16995171189088729,1.7987545106514755,3.325397669887772,3.6961685907117,-2.813050782441504
9.413589037076433,1.445567822137507,-0.18291697860720432,-3.0726629289112166,1.2654349668824976,1.0306638157913675,1.2161734348328392,3.2509683135693623,-1.124947069306826
16.73817277945911,7.054199013513927,-3.0425238430639854,-2.0857418122818463,-0.13069490728204886,4.161970424141056,5.460473090152727,-2.4129383739271835,1.0741738117197719
18.19646284758643,6.912823729490358,-2.8556572413865444,1.0335789928041517,-1.2916439371837163,5.657372630939559,5.226834095329576,-2.910252401673945,2.076965205176835
17.88802995779524,4.477359662519546,-5.180547245756244,-1.5447549768339508,-1.7356372967785973,6.926025694064537,4.575433011126337,-1.6116223189822123,0.16602524598309681
16.042191927812055,0.6023475038992988,-2.099187368970043,-0.23326464403167843,-1.2089394848961035,3.0305731711142943,1.6199593781850785,-1.8951045772153008,3.4718257262464824
11.975613944720783,-3.876030154574138,2.4596134811251944,1.3715463481473833,0.9169197914450108,-1.141577300185875,-0.3056547368795892,-0.8620256739147132,1.5738713164592741
9.556510905590054,-4.564184163997323,1.3201658192453596,1.7107419514787279,1.0143880874834708,1.0501880888722244,-0.3524065922568498,4.283309958238211,0.6157786270012464
8.816973840987783,-3.638959572770798,-0.8084631292723904,-0.7443354439731811,1.849963370478406,0.42399984509422306,-1.108648524662066,2.098284259059154,-0.2066126382772634
8.098225035426337,-4.500104826882466,1.3991891883804557,2.0133522717462715,1.6214103618906455,-1.7715743928009489,2.2120050233029303,1.6364511428183208,0.22981224484736565
8.00909307564878,-6.637177844131319,1.6565066041875072,0.8016902043073469,1.6492772644220552,-1.7452591642449444,0.1368641832716581,-0.7413919847085592,1.6044984454065403
8.161052669161352,-5.066334539427291,-0.17008511113302086,-2.15910418536711,0.8369325071668187,0.07316024910422636,-1.6226337508827817,0.9895971434333659,1.6382105418156592
7.631771254835105,-2.9216099518036307,0.07833014605462475,-2.3727377051060934,1.1800836094244382,0.10197199427094503,-0.005446753656062623,0.9737551131921811,-1.1227248533333607
7.006008259333971,-3.779499085526631,4.245360949541093,1.4365705954016632,2.754931252878953,-1.7164220438325515,1.578202560262374,-0.2966879293583036,1.0508415419576589
8.472606140845743,-4.9656835785185365,3.9625413262655216,4.901324181214606,2.438426278924718,-0.1914785237977469,2.4566368813325674,4.3748568330032045,-3.077487303139669
9.452870898264681,-1.850030491603452,-0.404358094035699,0.6193855829870499,3.289471738080785,-0.9762663136747515,-0.7737765083220339,2.4214619769822137,-1.5410287595024972
8.413255376368019,0.6697607283051145,2.2945146393298375,0.13728277912801706,1.3851971912029901,-3.372334794771845,3.057459173865379,0.30308898418911134,-1.2674399712374933
7.1938985356541805,-2.789419271593124,4.453641962521709,-0.06557351656878642,1.5361346436379588,-5.3653103771158275,2.552019527730158,-2.3740574834797687,0.9614610099011196
9.853308429403839,-3.2167498283319316,4.628413241698403,0.9100536935450109,1.9995928829933183,-4.240845736205725,1.3127999801450994,-2.4672399828117038,0.9819061687198869
9.55494331894613,-2.714388430223639,2.3195009077017574,0.5769311085827495,2.710265241670885,-1.8833103415694745,-1.108404593848964,0.04678088269870009,1.7839797263890385
9.454939762209325,0.8752294520022308,-1.009876821370721,-3.661569784239081,0.6338176243763595,0.09953727680438361,-2.1636449812244702,1.5370002658561566,-1.593858209060012
11.202786568463212,5.122621784419194,0.32696177307485425,-0.5339558514792332,0.4570914020057343,-1.3361052558320121,-0.0035328262005995667,-0.13921494465376102,-0.5849825018008086
14.27950430618622,6.293899263206971,-1.5656898722265065,-0.37628605840292445,0.06869101437028358,2.749920480425983,6.094038718644824,-3.19005057995474,0.6612512173124071
8.321112841618728,-2.1340714532039593,2.414576839176677,0.18041063808564337,1.1275323607132905,-4.060501823995047,2.791851014857322,1.236165466025318,-0.8314867769309544
8.299418568324716,-2.1790074954098975,0.6228275957608906,-2.409379968555227,0.8535682446528546,-0.7468776938029055,0.24328936193194564,-0.25925207145794,0.586773556863927
5.305950104707309,-5.739131649542349,1.8691555422077977,-5.547036591762649,1.6243105348243443,0.010324715004625059,-1.4065855610637155,0.3230119301510245,2.1150362360825627
7.006744623066391,-3.035109112217529,1.0209973037620332,-4.608688083036297,0.6564452053906246,-0.34225129000365634,0.2581360487453867,1.4113277987141528,-1.1508188374151105
9.992597179907609,-0.22442911828262266,-0.17511574221255757,-2.2990918921841237,-0.6010866641485809,0.12205033621076285,3.7968614555899687,3.3720202997929527,-2.214796829520024
11.124247814488188,-1.245940566244835,1.0343503009118684,-1.111470426910439,0.14871242245454117,-1.5296240741469898,4.786582123149395,2.3105076963994353,-2.4220966970735076
12.263642079313756,1.5803654116688515,1.6035724739266526,0.8229973245788688,1.0400519010438944,-1.1612692965514488,1.5069634575845676,1.3320267839786604,-0.5639233827121936
13.777930694220114,3.9357910110184253,-0.8293061265921071,-0.5514339011426297,-0.686332600304909,1.5740957367823603,0.10991269787789348,-0.8965909604589517,-0.7198589708743971
12.150763408768016,2.1135639337456524,0.48537673337677784,-0.7839487583043476,0.38967703064991827,-1.0934241660694088,-0.4737363868186736,1.1924552377688227,-0.5296476847690603
12.809626669999075,1.208680823757301,-0.3196854842256364,-0.9293015248136557,0.40386471578586675,-1.8406466467392135,-0.15765867279405357,-0.09108428544105392,0.13869760690858138
9.95548588909955,-3.456014610840895,-0.4448817997078091,-2.8053567099644274,0.8973350529683889,-1.1919243763049425,0.21153594326631894,0.09218899124937628,0.9792692983221893
9.117165394922072,-4.783450586179885,1.7333188579400158,-0.43757123344711524,1.6739643378993172,-3.2134247888704572,1.8879648977158425,-0.08946115763604362,0.1926511659088204
8.634807954567313,-4.326598267943613,0.7038073897186895,0.022681213945820847,0.7844327446953203,0.7494702149049981,1.928666831686897,3.218024725920773,-0.6466938308607288
11.088688405428329,-2.818022677150947,3.638840094207369,1.5074409111136642,0.47768557217330226,-3.1981657635975465,2.887162450696731,0.2694305795770005,0.13169818439300715
11.31476580715715,-2.8145936526281194,1.9229214251062094,2.6355083587434645,1.120776069797172,-0.7040153681773952,0.8508199926770578,3.0137950174436323,-1.3725559339025124
12.320737993021217,0.37533036136674447,1.2960021359915082,0.2748106006013269,0.6733196494918995,-1.275142068654681,0.40315146575268823,2.5499095115960295,-2.4403449523610914
15.26759268777784,2.1416733542697064,0.8114010135982556,0.8539525112097195,-1.0991580813819655,-1.1520298298359608,0.3492495267618024,2.649751301625085,-0.23706140775552834
16.864530674591254,1.9146038314066685,0.1331425633983189,1.6786563186238577,-1.1893732658454987,-0.1666723531422746,-1.4952405621941955,2.4011034442304977,0.5816737358118661
12.763275555028219,-2.792293800660033,2.1972570970928116,0.4951340742050537,0.11347009830370672,-0.6241011917007581,-1.248919487750671,1.256920472225206,2.730163785322178
8.527713378060803,-4.899244037451826,-1.1675414379752718,-3.9489786181138573,-0.08231167110797058,1.6763252216257833,-2.131178906248693,3.315577146806805,-2.1382800287306982
8.664335854973508,-4.438507352975513,-3.5142871045243433,-5.729875072376451,0.7591339454923134,0.8263503842469785,-3.8089485776864653,1.1435619015760623,0.6703156782799395
10.27858285694362,-0.3086897770170544,-2.9772918056810154,-4.499153568530548,-0.730090233176151,0.6433789597099673,-1.4358437614138144,1.5019453606970894,-0.9275177225979309
11.786366157295108,1.9707035019298047,-0.5540015054873729,1.0593266189939556,-1.8839330052931669,0.4428666572048691,2.824759096859238,4.9583747368911,-2.136460855841529
14.442726111370533,1.4560300954995242,1.7955248658396643,0.4894157710204259,-2.1106856170163524,-0.021808629449645817,1.8830236868391408,3.0993179150094083,-1.4004148441017374
16.823821762000954,2.8767123166903144,1.3557676635864115,0.6669374040704654,-1.4265740080136171,0.4617948905821312,0.2738863012996825,3.856902793909085,0.09125592904694398
16.57193876349566,1.4565239566583046,3.473926342218694,1.8271766704432173,-2.110666612037527,-0.25319280665188176,-0.46714574816737786,1.4714788815402,0.40375964323079805
15.45365999520214,-0.9640063714421885,3.4080953013125965,1.2616963164194626,-0.12213919802522924,-1.3973255743545925,-0.20771168182518876,1.2965470199100253,1.9132029768764949
14.570580050272207,-1.2327227904544227,1.861406612841709,1.5371476441942102,-2.112032405956974,0.29863524195539737,-1.3568702896464273,1.432579495477272,-0.16085892388624193
13.488874737176523,-1.9740042180329065,1.2738583077960164,0.8236233779065331,-3.005519181193595,1.6124975485515989,-2.7361815436334487,-0.602319809312113,1.9709210328898068
12.730642438619693,-2.526571924884639,1.981927163132723,-0.022615153248179372,-1.2455949850714285,1.5491912305707733,-2.1595736885801267,0.0971150602055623,1.3658263690078847
10.339321912412368,-5.318382062055218,2.0252817692859146,-0.3813672885066474,-0.5251348231928532,0.8459313769440513,0.19756137222895984,1.3038186341214504,2.4119698577001856
9.321409348900868,-5.385256124420172,1.5084364367248284,-2.9566483222364752,-1.3453333076055327,1.157295480764695,-1.4933767365186559,0.9081032083172235,1.7692096869394844
9.29063823432494,-4.905099761782728,2.9845247782220334,-3.07862200172726,-0.9552536185972441,-1.4238584708783992,0.9828126419201163,1.2951341829331944,1.807270629508006
10.739999546768136,-5.011128953011111,2.2752040998122607,-1.0172710256716884,-0.12629452184361745,-1.1217139141007872,0.7796696321147925,-0.4205909642647647,1.5699677120577882
9.09554840327029,-5.546172512563733,0.5400004490426752,-3.3082318498283327,-0.4667453311359914,-0.1026415842309764,-1.399667612688798,-0.7062309579173479,2.236168634269883
9.193499707656084,-3.728868211349748,-0.19250566560966645,-2.639610554675524,-1.647752531434726,0.5314386797783074,-1.3310530330811228,-0.4401531799030477,0.5503050544343279
9.249317538992623,-4.093097088286549,0.9152152095504495,0.7291991101284673,-1.9963476360997687,-0.27451884461730836,1.3336715244301485,1.0674828067381235,2.1815423714873163
11.314198898347048,-4.393742640176067,3.1725435058443603,3.218620236163548,-0.35228846743769004,-1.5138273608520894,0.3856906387400364,0.5532650848532202,0.9851920608847257
11.963468394036822,-4.08451389814836,3.430012715875142,4.1351161659679025,-0.4505489390989225,-0.13189865424692412,0.9143656415670551,3.4438712623998153,0.36073344776708205
9.838983914414076,-4.596883553931309,1.4963809413790923,0.09606194507606208,1.858991340739146,1.8034137604798208,-1.6355401444482434,1.926970012897124,-1.2663492312321547
8.289621968079825,-4.041121751024142,1.1257333071754831,-1.3140363433292108,2.3101401713680643,0.5263792654637864,-0.6725576983389536,1.5369608051780013,-0.1845737926341548
7.854418905129925,-3.066811011370101,0.877996482823633,-1.3997608784206022,1.4194350285016022,-1.3673370318563136,-0.4153827962885908,-0.3197576438586797,-0.28961232945793236
6.825663983672137,-4.33107775566445,2.9999810392954034,1.493405436132848,1.5467996334067626,-2.359007161483671,0.3533923209707072,0.10779956096127119,2.8431402145766764
6.152066730844138,-4.995001918574424,2.826928335785918,3.8316546922054466,3.8188872432984633,-0.470130364945859,-1.0006816157441443,1.0115046305557944,0.06802274849712311
7.531460425872801,-3.364558080399433,3.2166331657608858,-0.05128614084838567,0.45266845409374573,-3.0310655869742567,1.0956547344020762,0.1958579392464425,2.0516131958949533
6.4759182085248215,-6.85538897914968,-1.6439459432286523,-0.22227906498039937,0.2687353252358769,-0.333912021251203,-1.8181791656254673,0.041412369313416394,1.856506541783209
5.228706680151161,-6.434610590631689,-2.53850217217872,-2.838748646112065,-0.9663454322005215,-0.8154236736179773,-1.7424502548234977,1.6818307923021387,1.4513175392742903
3.5774062858351052,-6.860157997526597,-1.2323677985830896,-4.021188281855166,0.16675030569843363,-0.34737041925344436,-1.8920227353139965,-0.2153998697300698,0.8859567867101681
4.000742850913905,-3.548637493803974,-0.37776656657814844,-4.731289486814382,0.15930182753292024,0.1349694212173998,-3.3517215316622906,0.17045883063699904,1.2444688560810113
5.122018728493603,-1.109845361149233,-0.3019593800636659,-4.353268384187191,-0.9302667667718572,-0.639895349269918,-2.765421330295871,-1.141278275435089,-0.2792768690966267
6.6853545951387385,0.5996595412438245,0.759029933535131,-3.3153424961306115,-1.1581057913055248,-0.6703810570932751,-0.33474965368070286,1.1222942329883452,1.4435450266074252
5.462567027124706,-2.5941661517118395,5.0480065636909845,-0.41049000358743687,1.6629595890076287,-2.501451068421656,1.8287872724542302,-0.5299379878644066,-1.010040555153938
6.813604030380428,-2.296541545467635,5.895657345275171,-0.155393857575405,1.6508041586398208,-1.7214804092764708,1.585546046031572,-0.06612801441624659,0.12371171513116805
7.597206082231832,-1.182143208911243,2.9337226141551898,-0.3575417382374333,1.3463212582895276,-0.7964191891106933,-1.1530388957548947,-0.24945713295451774,-0.08912084063031514
5.663206220416054,-1.8007825506494644,-0.08781811982605497,-3.815277955113784,0.25321801087059426,0.5227265059679561,-2.2089102264925904,2.351139647988562,0.4611505008923551
5.839806651298307,0.1907521640701643,0.6354604671558596,-3.501170073548519,-0.9206991340420237,0.5762555993648392,-1.3265058180121276,1.747903952215008,-0.888154278227853
6.147426602248967,-0.2271150108600562,6.615667769585986,-0.8439721270616726,0.033764262986286396,-1.867976137818813,0.17251213350908898,0.11959011490144131,0.445995364643795
6.519431272876038,-1.361578822508978,6.949103407611505,0.47560574441094716,0.0026226031122911896,-1.7752668849889843,0.3869414946571083,0.2846701794000293,-0.7386481739756353
8.050482145828644,1.1517485356325097,1.4627091731336417,-1.9807685690207406,-0.9141452842070473,-0.7899336101170825,-1.9559011412667475,0.7988063598744327,0.8097189018068276
7.736813901882119,-0.22394426157745592,1.9686544271390516,-1.5002298196389228,-1.7327997905237755,-1.7780937590984456,-0.39965967790256374,1.7030762504733024,-0.7343755831173372
8.286619389255236,0.05837228159769903,3.3872800379389005,-0.38903132820912617,-1.071340783430051,-1.830993368573125,-0.5088035043010798,1.972187301090682,-0.4192550118474698
9.170166587820646,1.825614313920533,4.6899381970280505,0.06447833517843227,-1.6659696087293452,-0.2675424008014692,-0.9519570277171298,0.6348122679558663,-1.409495149459876
10.240761619605722,1.8018599837156377,4.7209319138611905,1.064504475980745,-2.7756114959950553,0.5511938220869175,-1.4575351047709517,1.8234607064345119,-0.36240235672328824
11.229770352281623,0.6847669704486907,4.994381606821383,1.8856370579130906,-3.2378370439388595,0.24166833527378823,-0.6447354604659666,2.11864257238179,-1.086353941446235
9.653646949635117,-1.188260484480344,2.7483693644161855,-0.11795245150024601,-0.9238433318604284,0.4779470652003113,-2.0273454533210287,1.3036400221269013,0.7049812218781102
8.14169258260554,1.7472692349515975,-0.07626633755280578,0.24636263922801968,-1.5660129791790482,1.3896991233233351,-3.4991918267445166,0.4788385551989808,-0.9815252598796194
7.871589212310588,3.4822799633367305,-0.15317802644249537,2.313563618118953,-3.8733572969439733,1.7961558317954311,-4.0188519532791,0.3176572762318522,0.10964588622568795
7.619053801511153,2.915777674793248,1.2201069718709545,1.6681574731199458,-4.910116483596862,0.9957199421763272,-4.017645172984968,0.15506621130454193,1.0769666285284005
7.010854098930683,1.2671184355250598,0.8667384210442931,0.7165512723629529,-3.770955798348413,0.7392974258780369,-2.271030609824738,2.6481078606705055,0.792113727930002
7.1431859906812925,0.599117099849599,0.48439890749118014,-0.7215264628192968,-4.254545554769621,0.560891247067774,-1.5746819070212852,2.6981286707278787,-0.872182509673609
6.309879399700563,-1.1834620201662096,-1.410503415016837,-1.0900482722032574,-4.280142748657066,0.9225813302892939,-2.435241372454117,2.653571486564346,0.6410304431965188
3.8609654812866014,-7.068568457310263,-0.678179957363056,0.4420403233817505,-3.2231714366177866,0.352205011872825,-0.2094697723865149,1.610366790191757,-0.42188657866450635
3.304750303731209,-6.519614347065436,-2.8069908046183776,1.8325866856219877,-1.8346568092957887,0.9334645872439863,-1.170809045736342,1.5366616838928682,-0.17698998345911146
0.8272180223881443,-8.119331945910462,-5.841315962940512,-1.168655863353335,1.0853991681338033,0.7115707870556213,-0.5713109996331975,2.6990613034463813,-2.6685228481532444
-0.4650702636784428,-6.612730515309693,-4.740624390666139,-0.03081776282398212,2.785197855953673,-0.28088189206210346,0.9622292959129045,0.08348700947867352,-0.9236183886592096
0.09715937998237746,-5.013779396643397,-1.192319269960311,-0.18140608555081816,-0.35155299978921795,-1.9170745400504035,1.2395514254316549,-0.375551735073126,-0.8644153522714919
-0.9667946915934793,-5.192717030787099,-0.5183075350380164,-3.6037406547994237,0.0037366015286908125,-0.5128149631596463,-0.14682303464393445,0.6904882672053517,0.08381594460838969
0.967033666563732,-3.7510257380730025,1.4561271356179295,-3.5959746044015666,-0.5945996130112495,0.559310677012737,1.6352964743546474,0.6535182526159634,-1.8096874365702567
1.2574987793072103,-3.805971644934628,2.969865665023535,-1.0349997701815659,-1.7251930752863978,-1.0579077045849519,1.9542156837841693,0.5202050795317273,0.5600750580376788
0.19687467003131803,-6.39489968981715,0.19964906459081055,0.8651487476451931,-2.3269683718660716,-1.8387283588822267,1.165702956786261,-0.5825499701494198,-0.07306813884321077
-0.3129296548934246,-9.158846076770567,-3.7744343089064265,1.2358404830975276,-5.01638019679176,-2.709446329591745,1.5955071039945155,-1.092996789730408,2.090679814954448
-0.7265362760137926,-10.557203535047744,-3.636115602110209,0.7813676054072551,-2.8152496700674643,-2.9464341809581707,1.5565891758836612,-0.6259834421265943,0.468938581414341
-0.16378106059761838,-8.366341294954482,-3.9210676354151075,4.409657652570764,-0.550274794650282,-0.6545917620372482,1.0973997179368562,2.1659197837519195,-0.5463936089037684
-0.13416500445049953,-7.318218559274371,-1.618736687715777,0.07838284043994942,0.3191347401288762,-0.3278927226735663,-0.4280627080127658,-0.44841241214835736,-0.1016127302631064
-0.7184797184332864,-7.393697901730642,-1.096011872836379,1.5092315639207692,1.0940940300390567,1.501650628945813,0.6008784683786577,1.7627358452167752,-0.2923084154170738
-0.6512307513846886,-5.442363965387325,-0.6586969187215237,-2.331281753428381,1.3140791964743543,1.7536523340580008,1.0619936044605802,2.0855459390010918,-3.3546188515080413
-0.591695542121688,-4.248552318592044,3.0688142235312084,0.2705636170377646,1.0727508353256072,0.6373912110568091,1.2178815776452852,0.13920684236956812,-0.5192891212365498
-0.030645152120334692,-2.8899828923621875,3.0531790209907537,-2.215115410701504,-0.874182440796719,0.02138454994384251,-0.5187626658649764,-1.0088063078341334,-0.40675606818874277
-1.2731910482024282,-2.7950255325471742,1.1841135817660622,-2.3960922671024614,-0.0954514647519289,1.503955449905188,0.032154782455999356,3.77016432317973,-1.3503552226473685
-1.4969377009432556,-1.7430473612725566,-1.2417759568982412,-5.048527268866048,0.39231138491865547,-0.19363301035227748,-1.219561819600063,0.4659802192777993,-1.8267751551711269
-2.8328488347665504,-1.7228245466566041,-0.2198990969977588,-5.874805303944989,0.13177725968101572,-0.7217121097477691,0.7791542904847147,-0.12068683369950166,1.2841726246596972
-2.4235485491750683,-1.6723553867263743,-1.6619894304674898,-3.1855588093849825,-0.9288579671914012,-1.3396020533056292,0.17234460160377207,-1.4231806275261873,0.370966325268883
-2.4249505623087986,-1.0539842341186265,0.2548270983105726,-2.0496601885742716,-0.018159293292003602,-2.193152199527664,-0.4241136462544518,-1.0786043604472737,1.4555219606649272
-2.875594809327303,-2.2077538087463706,-1.0799113291962792,-5.2517745589200215,-0.10239614040239622,-0.05015245830872223,-1.87145964755773,-1.0481094055838844,-0.5325165138656567
-3.40294408551581,-1.5815793564788965,-0.5365933029055717,-5.1382874573726305,-0.1789466425758139,0.8483256552579876,-1.1475986967498135,-0.08534691382799474,0.47522764130265316
-3.9901206294005993,-1.385367506728043,1.059755016275905,-5.154411057019253,-1.8384400069045095,-0.406155789305324,-0.544157330722824,-0.7464663663356849,-0.7236059491709541
-2.9843681748145694,-0.15151834403349843,2.61276734231229,-3.5082741664604122,-0.16000417479883758,-1.4754741845972823,-0.7985554897530517,-1.9137869916736108,1.290278892790493
-1.5992517323669488,0.5521877960570352,2.756381232813591,-0.5268380553913659,-1.4912267894017122,-1.208101513661812,0.506945438404504,-1.1277956340481599,-1.0171906464408784
-2.8597994761614083,-3.9687004956669076,1.6661877322915684,3.8394713237024107,-3.466447776080378,0.0747382069954532,0.3235374819972347,-0.17085400789391875,-0.15757035293597235
-0.8605111212552922,-5.881386443653408,1.2971132672778256,4.830489458745952,-1.8341825822752604,0.9877841088214541,-0.39893884132400415,0.4019999295114437,-0.24988921932755878
-0.07889226095989063,-4.2395795438732495,1.9431427292283854,1.7897653711776018,-2.3292349050853334,1.0803434471478814,-2.0401017094142047,0.3842736822228193,0.025205139174226253
-1.5539289873851796,-5.737574286431562,0.6568196529776479,-1.9746297573393075,-1.534265419741075,0.6352311052886798,-1.730648014170597,-0.9589728347426866,0.2584441804984287
-3.0007160899101657,-5.562495235172994,1.3147171141456828,-0.5532077004879473,0.5061695335444822,3.076193664080499,0.4176465245381502,0.6938966789381382,0.14436422724264367
-2.5781627647378906,-6.325645365506535,-0.2610530518037267,2.7398409642930854,-3.1842366591154283,-0.23136802954651176,0.18834566057828667,-0.30062692335458063,-1.2809799201018701
-2.7929977305943408,-6.729775331368372,-3.340984035260077,-0.7856620627458515,-0.7037216966444563,1.3158162442676082,-0.28244998098946505,3.0225391712605925,-1.1577643146986631
-3.09123207739709,-6.084976136040618,-1.485488774650885,0.3093164207674468,-1.4386175438816908,0.2886892967861905,0.6109186305477433,1.3496036762168337,-2.2771878053268266
-2.835426722531572,-4.245168698413135,0.6202332082726927,2.446563115535794,-0.724530437717892,1.683683435113796,-1.3299390111063534,-1.2689718655895543,0.3194793908373661
-2.9210023506816047,-4.092985637897164,1.0830818931855513,-1.2646254273245818,1.4070386105934929,2.330034563801054,-1.669712827280624,-1.3532429156537875,-0.3001738316184009
-2.8933739691996956,-3.6401058800963724,3.5568913547739727,-0.9476567894081602,1.262881816634738,2.0089896012643353,0.8675105237110278,1.3933496192528687,-0.4854318929406005
-1.3353247557072305,-1.7928445676890594,4.4093805124927625,1.057379745938963,-1.193928563352182,1.111443768092541,1.2228206905986085,0.35340436828273974,-1.0511498476053749
-2.976735382475088,-5.90872940999561,2.2150374558088797,0.40698129780896103,-0.6896974374610461,3.096115572062787,0.6088536234544243,0.7532040125901938,-0.16609917881729988
-0.8988867680214062,-5.822053503166824,1.635187407958226,1.9222574914771537,0.7187548571776351,2.641188186041727,-1.8862286069724232,0.19394055750062572,-0.9568765864827111
-1.7292421444049777,-0.8639093566466834,1.0170104486561626,-1.4986202257003118,-0.876119471141279,2.820480640246359,-3.836274501258863,0.5010719417880527,-0.12178021413574512
-2.985022586605349,2.6906487225781976,0.03932111299652946,-5.408160317544003,-3.3003528623762985,2.3978102042362974,-3.788549751077014,-0.15531790356521372,-2.994731150335094
-3.522708784895746,3.435926809738175,2.8667173787940463,-4.185839796403633,-2.895002528490179,1.2517528453785849,-2.099285304403104,-0.9524563117564595,-1.8024079805376674
-2.2920582164457497,3.5053502152739626,4.02323649906827,-0.9397858657503553,-3.9980395560744375,1.3258038963016716,-1.9525169274361165,-2.3708815699801553,-1.4107858683820689
-2.5265161747660447,2.396574026695819,3.5552945060050103,0.9878479042964778,-4.605494601306389,2.4262594628974243,-1.605822042642039,0.9834414902996269,-0.6610780311653953
-3.730340428888311,-0.4089783976134512,5.0422547141169805,-0.9309042621945977,-3.851300824588896,0.8665297320027119,-1.211847289267691,-2.014660196276124,0.06472952658205669
-3.987925486270017,-0.4641957556384424,5.058938324925001,-1.7669409881226854,-3.953460643394563,1.4511243536074843,0.42433748281858064,-0.49138160408425074,-0.09497335633514231
-3.9283631627776874,0.5217002193861896,4.777196624228454,-2.8816917038975234,-3.422176691157874,1.9522617612376276,0.45568493668471594,0.0314896390990484,-1.8005528342921362
-5.076941358030306,-1.1451725835370308,4.430517927584751,-2.013673144822673,-2.5781644000671706,1.9840261641425658,1.1338281591290715,0.022752100777301935,-0.8132891767321901
-4.176368539553745,-1.0240898356435533,2.348004541250317,-0.030802825656458206,-1.9865715251015221,2.0170604816676065,-0.4663765465248642,-0.39040525835894574,-2.1872738392295523
-3.905484972215779,-1.4702537831775844,3.869258811450279,0.9598586099784874,-1.9860768314552466,1.0378321403399013,0.9989491859928888,0.1472028874706142,-0.95719137891735
-3.054886566161806,-2.0777472772427927,3.3270116235370564,2.274117120989596,-2.6171032534025134,1.0401296070761343,1.073252857408485,-1.689763389205294,-1.3863606955171766
-3.381103390512869,-4.456934867042608,1.1340656876616848,5.298709938613073,-1.7754265938576914,2.62408045721324,0.9458093273420805,0.469795405705155,-0.8730167363505521
-4.090978838515731,-4.238836258951962,0.4302097272820343,-0.5365566685143771,0.005632583543792294,1.7402730927259933,-0.506768995912632,0.5151936480827681,-3.1736776924294845
-4.224062167292487,-1.5814160764137537,4.727191724487346,-0.3586437987372086,0.19124774034992217,1.5396550240798839,0.6051511243720171,0.1685200555809984,-1.1369251420921038
-2.37215526519591,0.8214897034058852,4.563901098308426,1.9279140636324335,-2.5372030897987514,2.595790596955093,0.17437864318078902,-0.051302190490617176,-2.7252953590502464
-4.330354090488514,-0.8886562310249932,2.129532699553935,-1.3017293550211297,1.89078298256372,2.23017938645159,-2.0155226835790074,-0.3593939675779678,-0.9614484574148554
-6.01179446725136,2.8201089126229744,1.7839460041058717,-4.779480357381074,1.4277858529747032,-0.21338412016965438,-1.7981832129879827,0.3729632491894118,-1.5122414176692613
-6.95590723944195,3.199964224660697,4.501183149254314,-0.06915640413670253,2.1598086374658,-0.1735959553724455,1.4333814868771626,0.12620466527231824,-0.690001284602765
-5.691203741181131,1.9119291783989658,5.1825822415380784,-0.978480531965952,1.2019243579712302,-0.2273348216225029,0.8558179711994178,-2.2897397569506555,-1.3188540533618194
-5.4464111791670415,2.872820694837888,3.2944485515339412,-3.1202210919095874,-0.872892625225559,0.47739326379129526,-0.8362566544417193,-0.6204972887991825,-0.30757484956960696
-6.343818553196126,1.3366224321728377,3.8616600930808307,0.3535724788382873,-1.9061104709919263,1.0394508182857294,0.11213093947837575,-1.1484274932021552,-2.241809075943051
-6.2602823521173026,0.28615877991303784,2.5888620263434197,1.9054224373415423,-2.7377120924454887,0.9945241155313457,0.6325507969344921,-1.0554071511364966,-0.9917569885170152
-6.793045648945246,0.898819828522706,2.5988025126508356,-0.4071247762448779,-3.393697483900485,0.4242310060989703,-0.30666633081412376,-3.3534422220844005,-1.3100057188023468
-7.656481904958626,1.5791995230320448,1.7666940170878893,-0.7141778257496373,-4.4504862322945815,0.07531070178651562,-0.7013482670830555,-2.5641176290885976,-0.2786830669854669
-8.23869245950871,0.6207420767134293,1.5587033085840272,-1.8196435222986667,-3.9044075675212473,-0.3677499882434868,0.39199458581172286,-1.7564277752106776,-1.8588638563373854
-8.77862241837843,2.6418185196045734,1.4113120139873716,-1.2763747798097997,-2.6087100129277077,0.5011378316966992,-0.1121937120982482,-0.6187462317780172,-1.1419225802967037
-9.396836428894002,1.4678108893097364,3.796899647410029,-0.4708813248632282,-0.7801112647958757,-0.34475557567412896,1.2914390655619876,-1.9799803233933548,-2.1571001841050514
-8.458993617390787,-0.44453535778872555,1.2144850319855631,-2.4152220025287754,-0.2935052557114758,0.5390395093416944,-0.2837295313536749,-1.9510661279208215,0.4133850885486159
-9.349662295712294,-1.4107525728112158,0.04315986663386893,-3.73407187425065,-1.9072594681263635,-1.2495319417487094,1.2411822799856762,-0.9368262044854536,-1.33065296107135
-9.444192025670427,-4.976363580324852,-3.4174472702090015,1.8495510671835163,-2.112587665356438,-1.0595438411363434,2.4382577963729126,-1.0488759894027755,0.8111372925354656
-8.348476361546066,-5.723324602193169,-7.252949740797434,2.668033892501043,-3.6749055109042437,-2.5291280439400348,1.496786528464868,-0.10793873294277223,-0.5885491045683385
-7.420400479911728,-3.8900856985428316,-6.420118799180896,-1.10230185747673,-3.876324057086948,-2.2643715727217493,0.458591330842873,0.8130714059837653,-0.45887712970308314
-8.404348992012345,-5.399317477994606,-3.873101856386676,-3.5577772110775707,-3.812081908845425,-2.8397866667105314,0.33267521936247346,-0.5157153474558371,-1.102164077415855
-8.45710050534793,-5.091947231785356,-3.7639464453601854,-0.649095954798073,-4.082967977646419,-3.0981546987917774,0.8026718201117713,-0.849999783814934,0.6011618165521682
-8.667008065407494,-3.129030544449232,-3.102186018649795,-2.4246516730096532,-3.835380995556379,-3.1812548314591087,1.8897415963569888,-0.4582636583256782,-1.5868673336900594
-8.763800106879222,-2.04306924819932,-2.713163987404103,-3.5430513425085297,-2.960043602266271,-1.5453297569682982,0.9491131210649761,0.25226615533563035,0.05370379233252101
-8.832990105253169,-2.691610255252366,-3.4589693078291446,-1.2073570046458848,-4.862852088369199,-2.1951213857211482,0.9927895741597861,-1.2111275396228063,-0.8535931403327831
-8.91094082270201,-5.172761142032104,-4.024538824046375,2.4681917427741777,-3.8753252193692758,-1.1192638228921261,1.6053666987024893,-1.0948695133650623,0.8120707321488748
-7.397181422599446,-5.507979819617986,-2.850646393595915,-1.9323810132734573,-2.5196781518962976,-1.8362890344127905,1.9930710687875532,-0.9376799711400241,-0.4855558835592498
-7.965949622278454,-3.273825283633319,-1.623669204951454,-0.9352492389415746,-1.7098671370203387,0.09444399295716642,1.4216141910549192,-0.04234986377119789,-0.3053811410997711
-7.559192102508194,-3.4534571027770604,0.08487239175112937,2.757502368189047,-2.8465546283075978,1.2538851452536663,1.1347663616684949,-1.3387129771256503,-1.7134356924962828
-8.025859080223622,-3.6786557424897612,-0.32428242364736337,-0.9361380533002299,-2.7004974817804976,1.7319617146996227,1.3322748163988376,0.7723424685894811,-0.7743550506458912
-7.122262428789632,-1.8409811914761431,0.9244280979257407,-0.6992838646613986,-3.2153734401042624,1.0986981339627695,0.49509622394470576,-0.9073312018026949,-1.4118323305276406
-6.739408388341358,-0.8367397408857001,2.7304972852604177,0.9057380471848782,-2.138686334994172,2.8900352088633796,0.28205680208107503,0.431919831721458,-1.2993696632968883
-6.811155571611024,0.35307052621016194,3.1166912944650877,1.235253356324224,-3.56296339132889,2.6020327702493353,0.509354771538734,-0.6183463184510871,-2.2291703886323235
-7.406536563964219,-1.346683208447789,1.544824391209209,1.7180067087627153,-3.753860940873402,3.2917578830765395,0.3513773439411772,-0.31966248796113267,-1.008366538063535
-7.015983157059206,-1.2411024612168275,1.8761746861490292,-1.1970074905935821,-2.0314340235750525,2.251765553393808,0.30744070086566105,-0.3659053020325975,-2.0422710580198755
-7.8471870676324365,-3.825012123837053,1.2914248172089673,-0.15161758382354362,-0.7004529039180938,3.212023347466315,0.38594881535349146,-1.7861705330953814,0.14226099262322142
-6.28024693966432,-4.6544313968641635,1.9199977709464198,1.0722078668268273,-0.8040880360876509,2.9786562381508803,-0.311110036194206,-1.286912224567347,-1.1436819435290937
-5.99047019899019,-5.062635066328917,1.3969001278283053,0.63817982047418,-0.521064908074402,1.6273429583972747,-1.6418556763966496,-2.6356285347548423,1.9118376965805115
-6.974015676100261,-3.0008457755947653,-2.333661656356983,-1.0348219535513463,0.6658185440469805,0.9517659959765075,-3.1780913856894344,-2.121530428288919,-1.084236659522288
-8.115999966847584,1.4494423509239347,-2.004614452057612,-5.2031381622287745,0.5428546686751229,0.1987293494445031,-1.352038629781788,0.6604818529978771,-0.8908982020160126
-9.38865802103971,0.7192589963826149,1.1122681861137385,0.45357138633437144,1.5464408606675035,-0.9231521401072361,2.547262052976481,0.6134194077395849,-2.4083402152063162
-10.144287745498854,-6.541241257330856,-5.662507448540677,8.018897359409952,0.45918868089587206,0.33552790998342347,3.128078533098393,-1.2488496410110748,-0.49507421980587324
-8.954354295265732,-8.317874209282762,-9.281215812612835,1.7394478342801618,-3.5153678636040673,-4.310040443127571,3.1784761886205097,-0.0996638815887405,-0.9325291411358396
-8.524030677627405,-6.142818451558743,-6.399602115668205,1.0204892382054664,-2.4076334923660117,-3.4986965136495245,1.3825533184931895,0.14218359521855783,-0.4069703829780912
-8.261086967483743,-3.6144177558799737,-3.1805805008482,-1.0606238750656478,-1.1020861725963125,-2.4442515275032117,1.1717650438959115,-0.39904084174463306,-1.7716940555584386
-9.40416927174962,-2.6740629814538486,-2.215125866362441,-0.769610636807567,-2.3785574513262127,-3.116755683294923,1.7466029258319553,-1.3904057903077,0.25104945938225504
-7.369701576503694,-0.6120003615211522,-1.849862396139913,-2.212900265778238,4.210530847432915,-0.46768350216259,0.47964401180123944,1.929451788944976,-1.4296043256515134
-6.050858721675259,-0.10196903073015225,-0.3835502931132953,-2.672108823224171,3.0898514005913853,0.2083716757902113,-0.4509513166559309,1.903882685581183,0.9202728082686596
-7.353626993991212,-1.0916492479001731,0.8790162791441344,-0.7668426909164552,1.4665273485543544,-0.4424539678304071,0.47241187982350846,1.0386791020023067,-0.12984234277752166
-6.373142600679379,-1.7823451347071078,-0.48548812817155135,1.5239710531188786,1.4007592408348486,-0.09881938703748125,-0.860250030654042,0.7431342807309282,-0.18541912744977465
-4.840410176256354,2.5342315660982315,0.5668389680761033,1.3605725741833272,2.7659142600510496,-0.4246146684572476,-0.0053706450928594366,0.827727690607741,-0.43612035681788475
-6.208423250048192,-3.231991458415573,-1.499632901946888,1.9095117580980099,6.134625504426296,0.65631798914052,0.06229322750503314,-1.2687450400993079,1.0495453928153649
-4.179272819815236,2.706109113043745,-1.88945482653368,-1.4321726428886612,5.151103879933578,-1.2262447382305073,-1.917231090822838,1.574620704284474,-0.03649431343189858
-4.1480788897645935,2.9049474564936197,3.1385541841759683,-0.3019998042938243,5.713286615810768,-1.71878791018132,0.42107259349778614,0.09100391650807357,0.40759132562952294
-3.195497892908086,2.483784342023372,4.185644440735074,0.1433134795138578,3.5415335237534538,-2.014385290109112,0.2350517490961661,-0.26289216425412093,0.5238684052106538
